Account	Block	TxIdx	#	Ethers	SumEthers	Tokens	SumTokens	Timestamp	DateTime	TxHash	GasUsed	GasPrice	GasCost
0x8188a619f72f9a889d6079848fb34cf48371890c	3798640	0	1	570	570	3648000	3648000	1496240675	Wed, 31 May 2017 14:24:35 UTC	0x64438300bb4db46715f2e1d919e3d6f5434981a8e40a78a046c1f9e16e05eff6	49957	0.0002	9.9914
0xa30d151ab62f032908dca6b5e7ee21b0c47e3cb6	3798640	1	2	17788.888888	18358.888888	113848888.8832	117496888.8832	1496240675	Wed, 31 May 2017 14:24:35 UTC	0x097047e60d25ba71304ea2e99f3659c7dfb1d580f63f131cc5465c6ee17e7b4a	49957	0.000103614	5.176244598
0xf39d30fa570db7940e5b3a3e42694665a1449e4b	3798640	2	3	20522.421	38881.309888	131343494.4	248840383.2832	1496240675	Wed, 31 May 2017 14:24:35 UTC	0x06e61f46928c25298fc74d14b0f2a1d721d6f6e340d0ac9da68624c5e664a631	49957	0.000102786	5.134880202
0xa9423b038aa66a75a0b61f519cc6ad9521bf34bd	3798640	3	4	268.99997952	39150.30986752	1721599.868928	250561983.152128	1496240675	Wed, 31 May 2017 14:24:35 UTC	0x2c98b84468e1c8c632500a4b6387dcfbc3510323d99707be78408db50dafdb29	49957	0.000098	4.895786
0xb0d209575e48ae68afdccd67d610ee85b0dc919d	3798640	4	5	2790	41940.30986752	17856000	268417983.152128	1496240675	Wed, 31 May 2017 14:24:35 UTC	0x1866b9c8ea996304d7388a4d3c5bbeaf7eb39be7e1f72cd4c3e0d5bd7b8f740e	49957	0.00001	0.49957
0x001934d46ef025ec18f292f4c5f42ec85f2deb26	3798640	5	6	300	42240.30986752	1920000	270337983.152128	1496240675	Wed, 31 May 2017 14:24:35 UTC	0x86a55409442b98af10f1045815f1e72b94fe9841600cb9b43abc31c224db9476	49957	0.000008	0.399656
0x0ba977c08b6896be3e93feddd45bbbdb1ccd36ee	3798640	6	7	669.9	42910.20986752	4287360	274625343.152128	1496240675	Wed, 31 May 2017 14:24:35 UTC	0x1d2a4a01f710b4dee6f476ef2095098a79091b8b275b2322db9855002b68a699	49957	0.000006056	0.302539592
0xacbdcc619bdcce6c05fc92661bb6ace239b12bb3	3798640	7	8	1770	44680.20986752	11328000	285953343.152128	1496240675	Wed, 31 May 2017 14:24:35 UTC	0x6a20aec64385556e0091e8365250c40d3b65dfd1ee8443a900082f7a235e32ca	49957	0.0000051	0.2547807
0x47f5b853d00fa5e78c3ffa8ac836cc423f3c6f7a	3798640	8	9	2800	47480.20986752	17920000	303873343.152128	1496240675	Wed, 31 May 2017 14:24:35 UTC	0xdcffdfeb0fcd38c4617b7b0d62f634caff7c2c5bfb8a8eb23f46dfaf063308d7	49957	0.0000044	0.2198108
0xeba5f62f4f7bef592ecf36cfe2eadf29fd1bed8b	3798640	9	10	4860	52340.20986752	31104000	334977343.152128	1496240675	Wed, 31 May 2017 14:24:35 UTC	0x904ab609033e4c27b53c1cb7d99f80e8eba348b054eb474a1dcaa300ce47e48a	49957	0.000004	0.199828
0x000fb222c5ce32d591b0c2ef69b794b1d753007f	3798640	10	11	2175	54515.20986752	13920000	348897343.152128	1496240675	Wed, 31 May 2017 14:24:35 UTC	0xd979d26fdfd509c0da0c7b9665377ba9e97393f0bf63d287e45b439a7ab25e54	49957	0.0000034	0.1698538
0x71f5611cef5f2a036d3bc94756664733724f3568	3798640	11	12	5990	60505.20986752	38336000	387233343.152128	1496240675	Wed, 31 May 2017 14:24:35 UTC	0x63c35efc9c196cc2e990ae9b40348f29967f9a91a0b9e465cd657fef27319b20	49957	0.000002223312316606	0.111070013400685942
0xcd741cea97b7406793dab5f3be8684cfd17b71c0	3798640	12	13	9500	70005.20986752	60800000	448033343.152128	1496240675	Wed, 31 May 2017 14:24:35 UTC	0xf09b605a8a68125a3189bcdcd474214bf1144a993b80bc08d6914a8c21ff96ed	49957	0.000002223312316606	0.111070013400685942
0xbd14383d13fc0ab0c3562e8e9998480c86d74db6	3798640	13	14	998	71003.20986752	6387200	454420543.152128	1496240675	Wed, 31 May 2017 14:24:35 UTC	0x8e630bd8b824be00c30df800f121b75c46484b2beda644171c9ce1a9010f9201	49957	0.000002	0.099914
0x006b70f89cb55559fa573a6d0ed6334a1d3c22b0	3798640	14	15	400	71403.20986752	2560000	456980543.152128	1496240675	Wed, 31 May 2017 14:24:35 UTC	0x6abf2d6fd6a88913bccaee0416ebd5bbfd1bc278dbfb57bae522a237edcfcc13	49957	0.0000019	0.0949183
0x003db02d15fa57adb24c84e0c7d95fc0dd328e49	3798640	15	16	1138	72541.20986752	7283200	464263743.152128	1496240675	Wed, 31 May 2017 14:24:35 UTC	0xc35e1758efd72535d45bb02120f01f4948423fbfcf5760e8b86e0e50ff6d61e9	49957	7.77777777777e-7	0.038855444444405589
0x002d27082129124544148246a221366cd71844f2	3798640	16	17	330	72871.20986752	2112000	466375743.152128	1496240675	Wed, 31 May 2017 14:24:35 UTC	0xcc638d3018d346ec4174d2d9973e60377dea14c3f478bd68792e5f9cf30bb387	49957	5.2351976848e-7	0.02615347707395536
0x360e22bf1ba7d8b1d3778775fcd73895609a2337	3798640	17	18	855	73726.20986752	5472000	471847743.152128	1496240675	Wed, 31 May 2017 14:24:35 UTC	0xab847000cb629fc8e306f48374600446581b5ae14f3d36a7becd817ca16a1da5	49957	5.11312316606e-7	0.025543629400685942
0x006aa912e1c5924a327554f712e9e4605dd3c44b	3798640	18	19	835	74561.20986752	5344000	477191743.152128	1496240675	Wed, 31 May 2017 14:24:35 UTC	0xa3ced229e1e9364757163ff3a401da173aa491050619ae9d186945ef1f7e2331	49957	5.05830000001e-7	0.025269749310049957
0x7ef1bcbd910097c5d6cf6019264e6a81a5a51a9e	3798640	19	20	117	74678.20986752	748800	477940543.152128	1496240675	Wed, 31 May 2017 14:24:35 UTC	0xe451eb79d2720b0a8bb82b52236489c7c7a1b50844e6c53ba4a81069d4137b8c	49957	3.33e-7	0.016635681
0x00adb936b9636ccc4211533c7f1a0d2c53466b85	3798640	20	21	10.1	74688.30986752	64640	478005183.152128	1496240675	Wed, 31 May 2017 14:24:35 UTC	0x5343058a32be76606255e0c43d324c831ffacbea0c58688cd5b8a77fefd2b780	49957	2.55e-7	0.012739035
0x885c45d1992fd58d72fc8b87a8b01f69d8ad0176	3798640	21	22	6.9	74695.20986752	44160	478049343.152128	1496240675	Wed, 31 May 2017 14:24:35 UTC	0x12a3f7b5375d1d01ba9f36dea096f2094680e2b8efb6e0ba06dbffa8f3239034	49957	2.53e-7	0.012639121
0x2487abe95bdbfffdce959178ef66e605708a8501	3798640	22	23	400	75095.20986752	2560000	480609343.152128	1496240675	Wed, 31 May 2017 14:24:35 UTC	0x103bfeddc6e1a1ffe51239a117fd36553b80fe526fa2228b0c474aabd265e476	49957	2.5000000001e-7	0.01248925000049957
0x005e494d2a650930fa8afd74017bf26a62eefa38	3798640	23	24	10	75105.20986752	64000	480673343.152128	1496240675	Wed, 31 May 2017 14:24:35 UTC	0x10db094c0c1560529cc05ea4bff3679d901eb9cfb110567714fa33e610de26d4	49957	2.5e-7	0.01248925
0x0020c4c85bd5e16f70cf061273e25db6d007e774	3798640	24	25	48.5	75153.70986752	310400	480983743.152128	1496240675	Wed, 31 May 2017 14:24:35 UTC	0x72ac176e0396150c2a2ad5a962af5042c95da7bc8c6e8ad02d2449917c6604a2	49957	2.5e-7	0.01248925
0xd404e9e88d6ffffa8d92cb20415cd73919c2ead6	3798640	25	26	51	75204.70986752	326400	481310143.152128	1496240675	Wed, 31 May 2017 14:24:35 UTC	0x0aae397214b42dfa7339558e3bbb74239a955f83629bb773024143754654f3b2	49957	2.2e-7	0.01099054
0x9f5fd73bb03b30e1b3611b808363579e5345c91d	3798640	26	27	18	75222.70986752	115200	481425343.152128	1496240675	Wed, 31 May 2017 14:24:35 UTC	0x5d69a1a90740029da56e1262aa1d8226d49980fc407ce7e57922fb6678005d52	49957	2.2e-7	0.01099054
0xaa0197432b320f433dd3dc0ac28c804257323a15	3798640	27	28	70	75292.70986752	448000	481873343.152128	1496240675	Wed, 31 May 2017 14:24:35 UTC	0x70271c2274cab01c742aa25dc7b3f803e969fa762aaebe0879cd8657a6d10877	49957	2.2e-7	0.01099054
0x242161026d3db889df2573b50959e5d705c9910a	3798640	28	29	275	75567.70986752	1760000	483633343.152128	1496240675	Wed, 31 May 2017 14:24:35 UTC	0xde8f19921868e31d2601aab1fe0435ca207f24123d8d36ff08b6df360ee5d2a9	49957	2.2e-7	0.01099054
0x095718762a36548710afde4e2fe81bbb9ff58483	3798640	29	30	39	75606.70986752	249600	483882943.152128	1496240675	Wed, 31 May 2017 14:24:35 UTC	0xfbb1925d683fd0df2f7c63916b373da5e0a9e48619b6a804210595e6265e1bd8	49957	2.2e-7	0.01099054
0xd219b0315ed7823ab1157523dc43569377b5dcda	3798640	30	31	22	75628.70986752	140800	484023743.152128	1496240675	Wed, 31 May 2017 14:24:35 UTC	0xfd89966f72902e811d1c18d5b24feb02044a2547ebc066d155d5f67f3b043de7	49957	2e-7	0.0099914
0x006ded16054f3f506df8a8b46da8741762312ef5	3798640	31	32	44	75672.70986752	281600	484305343.152128	1496240675	Wed, 31 May 2017 14:24:35 UTC	0xd89f1ff9f80dda0c20e8e818b68abdf6a7948b69bda0c9a1bf9ce2db92a7201d	49957	1.1656158303e-7	0.00582306700342971
0x003bd21c2528929ae4154b8b899efd7d158df2b6	3798640	32	33	40	75712.70986752	256000	484561343.152128	1496240675	Wed, 31 May 2017 14:24:35 UTC	0x16d08fb3fbae445c94a45c40666f6d009c754d5db30956d755a1006d563d7f5f	49957	9.6624633256e-8	0.004827076803569992
0x004f380364c1f65999de44a5524f0e6add9f8e06	3798640	33	34	323	76035.70986752	2067200	486628543.152128	1496240675	Wed, 31 May 2017 14:24:35 UTC	0xa57893b83782ec8c9627e4fbac33ed57ff33149a695ff1e8cd69a9fa1ad6b474	49957	8.3312316606e-8	0.004162033400685942
0x0009ce021b5434ebd698c26f9625c9680abf0b46	3798640	34	35	15.4	76051.10986752	98560	486727103.152128	1496240675	Wed, 31 May 2017 14:24:35 UTC	0x0fd0c3655d14192b6c3bf85df577e4ddb2349aa25bcffb53aac79a5280597c7e	49957	7.0145216966e-8	0.003504244603970462
0x005655e86bdd997aa586eec08a5bb09e801b13c4	3798640	35	36	16	76067.10986752	102400	486829503.152128	1496240675	Wed, 31 May 2017 14:24:35 UTC	0x7dc6cbdc76de0d38779ebf3758448105527f6c7e64332bb10d1b06306ec858fc	49957	5.5351976848e-8	0.002765218707395536
0x72352a8e531cecde8aa86220ba817e63efe6e51f	3798640	36	37	50	76117.10986752	320000	487149503.152128	1496240675	Wed, 31 May 2017 14:24:35 UTC	0x27503fa8b7ed1a4f6b203d62275c4ed7b401e268bbde358ff50f92e9ad1969ea	49957	5.000000001e-8	0.00249785000049957
0x7878368b87422af4d20314097a659b7f7a6346af	3798640	38	38	113	76230.10986752	723200	487872703.152128	1496240675	Wed, 31 May 2017 14:24:35 UTC	0x73febb50c2e60fe938a5cc9ec086ca57b5eaba9d4d04ab4a26a852854717b0c2	49957	4.6e-8	0.002298022
0x004c350cd1ab72ea28cd6c47935b5bb31f64a928	3798640	40	39	200	76430.10986752	1280000	489152703.152128	1496240675	Wed, 31 May 2017 14:24:35 UTC	0xe51a0dee8b11fe308500f90ef71edf16c1f540e2a4fa7e5e2f89ddcbb02ebbd9	49957	4.46378444e-8	0.0022299727926908
0x0037a70e5237a25008674539feef113245f7f8c1	3798640	41	40	35	76465.10986752	224000	489376703.152128	1496240675	Wed, 31 May 2017 14:24:35 UTC	0xeaf1a17206fc978cbb87009472a8e83c0dd863aa756aeedbcf0bd104efd204c2	49957	4.4365000009e-8	0.002216342305449613
0x9515ca5e2294cfd56f594cc5b9dbc78ae0955aba	3798640	42	41	60	76525.10986752	384000	489760703.152128	1496240675	Wed, 31 May 2017 14:24:35 UTC	0x9f9752bb363deb89da50053aec82244f633c65260d5176da7c7d1086b5154b19	49957	4.4e-8	0.002198108
0x00a70c56be9f9256c062e81fd556b34314dabb6a	3798640	44	42	102	76627.10986752	652800	490413503.152128	1496240675	Wed, 31 May 2017 14:24:35 UTC	0x3162ca86fc3c6c77953b6a31d0d10f8f754bce278c0a25f2a41a9a391ba528c7	49957	4.3e-8	0.002148151
0x3929f1b0bea040185c006332a451e5cd25b4f301	3798640	45	43	374	77001.10986752	2393600	492807103.152128	1496240675	Wed, 31 May 2017 14:24:35 UTC	0xabdb95efde06cf89299927c72ac3847256051da69cc8ca5cee2f7092e210af9b	49957	4.3e-8	0.002148151
0xf1968a3bd53270a2caf75043e94141e532fbbdfa	3798640	46	44	90	77091.10986752	576000	493383103.152128	1496240675	Wed, 31 May 2017 14:24:35 UTC	0xd8c794c6b5e0afd65c6990812c1e6e7aa5fe476abdee3ba2c52b85544fe7a0ff	49957	4.3e-8	0.002148151
0xfdd3fed09bd694525c86b440c630a655265cca10	3798640	47	45	16	77107.10986752	102400	493485503.152128	1496240675	Wed, 31 May 2017 14:24:35 UTC	0xdefb8403b3752afd5ea4af06b2045c81511d64edeea3d9ae43ca89f3efe76faf	49957	4.3e-8	0.002148151
0x00bf9da59cce5326c458c519efd6466b383ba694	3798640	48	46	2.5	77109.60986752	16000	493501503.152128	1496240675	Wed, 31 May 2017 14:24:35 UTC	0x06252a2df91adda3bb78a1ad343db987ce1b3ef37b5781b07548da65a89d9b29	49957	4.200000001e-8	0.00209819400049957
0xcd41d876551c8ff69cda95c2b7c8e04aa3ace523	3798640	49	47	250	77359.60986752	1600000	495101503.152128	1496240675	Wed, 31 May 2017 14:24:35 UTC	0x37c8f74d37fab957ad2670176173b34b18dba770afb52609eee7d145ffee7ddd	49957	4.2e-8	0.002098194
0x00657ee49e42a5cd829ad3b9d5179bdb55b9086f	3798640	50	48	897	78256.60986752	5740800	500842303.152128	1496240675	Wed, 31 May 2017 14:24:35 UTC	0xc8847a76eac4bc58a5f094a993753f0728dfd79a387fec0ec4b970cdbf6c5a13	49957	4.2e-8	0.002098194
0x004e1c2a12ac1d0b70907c702892f397a4769bfb	3798640	51	49	99	78355.60986752	633600	501475903.152128	1496240675	Wed, 31 May 2017 14:24:35 UTC	0xa4b2964a9cf067495f0f2713c9229de1278dfda49ce276bdb989114f4565ed9c	49957	4.1e-8	0.002048237
0x840257fea0da6d573ce4893b00ea0526986672eb	3798640	52	50	15	78370.60986752	96000	501571903.152128	1496240675	Wed, 31 May 2017 14:24:35 UTC	0x03cdea420b87120d3b2bb0f8fc92e4a3a1eadb975ae83aa4c0b61c595603523c	49957	4e-8	0.00199828
0xcf98c2a9958083deb7153dac144cc1c7ad7f9361	3798640	53	51	8	78378.60986752	51200	501623103.152128	1496240675	Wed, 31 May 2017 14:24:35 UTC	0x08a1a37c34f9cb5fa8eb11ffdab7c23fa3d6099266b65de7f352a1632941e821	49957	4e-8	0.00199828
0xe92c737a2ec5f7d57b45430a11d16d5305b7a545	3798640	54	52	20	78398.60986752	128000	501751103.152128	1496240675	Wed, 31 May 2017 14:24:35 UTC	0x0e1598ef4f8e3c9254abe42750541d0054460516fdb77aa9ec374fe3b8d621e3	49957	4e-8	0.00199828
0xa453b5cb5db648d55280a7b61c264651fd17e18b	3798640	55	53	8.98	78407.58986752	57472	501808575.152128	1496240675	Wed, 31 May 2017 14:24:35 UTC	0x14ee6cc3ae40ac2768cf6cea5d31722d4adc9510dbeddfc7b04b6bb1987d1bc1	49957	4e-8	0.00199828
0xc8f424b473398d6324f28b755cff51a02e26254f	3798640	56	54	8	78415.58986752	51200	501859775.152128	1496240675	Wed, 31 May 2017 14:24:35 UTC	0x18c1a425c2069256764d7304e7130bd5f4bc4c2f08c138e7fae11711b7f33fc5	49957	4e-8	0.00199828
0x1fbdf165ae35c0382156f1876bab65632bd4ff41	3798640	57	55	8	78423.58986752	51200	501910975.152128	1496240675	Wed, 31 May 2017 14:24:35 UTC	0x1da94462bb0cbac34c61f28bb684cee684c67b92b05c7aa7b427893838a60be3	49957	4e-8	0.00199828
0x35f17e13091105f667a9bbedd62bce238d442213	3798640	58	56	0.2	78423.78986752	1280	501912255.152128	1496240675	Wed, 31 May 2017 14:24:35 UTC	0x236e745a6f90df2c0ad0b1e03d36a7dc8938a543eb0c29f0d378a57beb7d314b	49957	4e-8	0.00199828
0xbbb57356b7eed1c18d6bf8f4995e046c2fdd52b4	3798640	59	57	0.315	78424.10486752	2016	501914271.152128	1496240675	Wed, 31 May 2017 14:24:35 UTC	0x244bf2fa3f80da25920e38b2faabb217fb79fcda3c8a5d2c71a9496c94c7402e	49957	4e-8	0.00199828
0x9118d5be8411a99dfe58fe1a7db775802b4c159f	3798640	60	58	10	78434.10486752	64000	501978271.152128	1496240675	Wed, 31 May 2017 14:24:35 UTC	0x248aa4a1d28353d140db8eee602a6bfcccd373d440955486968c1d58ed62b07d	49957	4e-8	0.00199828
0x324ea301a5d7967489baba987de03ed8f034aa46	3798640	61	59	3	78437.10486752	19200	501997471.152128	1496240675	Wed, 31 May 2017 14:24:35 UTC	0x276cea1caa5f289997084d53df3464ce50bd4ca3610be977ce495ceca4444f7a	49957	4e-8	0.00199828
0x2ecc1901090e39edc94bc4cefc93299daa2c97ad	3798640	62	60	1.99	78439.09486752	12736	502010207.152128	1496240675	Wed, 31 May 2017 14:24:35 UTC	0x27be6531d73e8ac30e97b8ac040d17a0da2c333608e21bd998f6cf05b8126693	49957	4e-8	0.00199828
0x83ce908a3ff9dd700208f325862d4b2da178c8b0	3798640	63	61	6.7	78445.79486752	42880	502053087.152128	1496240675	Wed, 31 May 2017 14:24:35 UTC	0x29c0b6ffe8ba434e205c963397202b0087dfc91d1352ffa6a74604d5702047df	49957	4e-8	0.00199828
0xa91c173412015bb9742f8c84196558765231cbe8	3798640	64	62	3	78448.79486752	19200	502072287.152128	1496240675	Wed, 31 May 2017 14:24:35 UTC	0x2a6ceed437332dbd199f6e698346d33285e7ef42860e0b80551939efb29f7e8b	49957	4e-8	0.00199828
0xe755919219a196a642e40670de5f1fb8852e131c	3798640	65	63	3.5	78452.29486752	22400	502094687.152128	1496240675	Wed, 31 May 2017 14:24:35 UTC	0x2c15cd40ac68e492c9bc6ba63c4509e1f0ca4453c1a0799bd6b6ac910972e7d1	49957	4e-8	0.00199828
0xe6d86fd4213d5f22f673b58c5b18f3c44cfa0b59	3798640	66	64	12	78464.29486752	76800	502171487.152128	1496240675	Wed, 31 May 2017 14:24:35 UTC	0x3362cc23b0f6f199cd4a6f51b8b5b3963230837290d56ce711b3a44971760f79	49957	4e-8	0.00199828
0x6718a270a7f28a59db445f12333bd5d0dc327b4f	3798640	67	65	1	78465.29486752	6400	502177887.152128	1496240675	Wed, 31 May 2017 14:24:35 UTC	0x368f3bc922e703d0e055751750577c193b43f77ef8a38262a518baf6ecd9bef3	49957	4e-8	0.00199828
0xfdf99116ba0e5e1be5bfbff10ce3004469fa6f91	3798640	68	66	47	78512.29486752	300800	502478687.152128	1496240675	Wed, 31 May 2017 14:24:35 UTC	0x373fde1b3dbfcc149543fbc8653d181b7b1747f94816b9a90bbb07c5c857fb0a	49957	4e-8	0.00199828
0x55752dc4edb3f6f0731a24539a7e657c98be8302	3798640	69	67	1	78513.29486752	6400	502485087.152128	1496240675	Wed, 31 May 2017 14:24:35 UTC	0x37a811711510550eaae44033a6aeed3260ac2c18f8742585f62d7ea932255acc	49957	4e-8	0.00199828
0x5b2639e8938446b5857f1ac7b47ac0ec413b6a74	3798640	70	68	4.969	78518.26386752	31801.6	502516888.752128	1496240675	Wed, 31 May 2017 14:24:35 UTC	0x39ab79e709f17947ebd4dd9075a31c639f62972aa4e55f260ecc0cf0cc65a400	49957	4e-8	0.00199828
0xaba87fc0afb7259ee23464ffc443048c5a2e5d4b	3798640	71	69	0.59	78518.85386752	3776	502520664.752128	1496240675	Wed, 31 May 2017 14:24:35 UTC	0x39ed3af02d9e30068d942bef79871b8e29bb3f1d9f790f68fad4da388c282c56	49957	4e-8	0.00199828
0x25273b8c601c6545d574496d3d3478fa7dc2f57d	3798640	72	70	13.5	78532.35386752	86400	502607064.752128	1496240675	Wed, 31 May 2017 14:24:35 UTC	0x3a9e868c4cb4503608107074a7e591c01732000b4808d7724751672de144217c	49957	4e-8	0.00199828
0x96baf6a61d10390d73fc05935932bca28ad95cbc	3798640	73	71	1	78533.35386752	6400	502613464.752128	1496240675	Wed, 31 May 2017 14:24:35 UTC	0x3c31021b1d172593dcfc453a7c7843d2d47a40fa66babd0354d0527b13f91858	49957	4e-8	0.00199828
0x608ca83f4e4899cdd43db566d4110f69edef0c80	3798640	74	72	1	78534.35386752	6400	502619864.752128	1496240675	Wed, 31 May 2017 14:24:35 UTC	0x44ab5231885a0f1b3b37b827988d6ccf9627aaf05b9f3a205177099c2f0e7329	49957	4e-8	0.00199828
0xf67a0c7877f91b8ba05e70f21b6d8b8cf4b5ca02	3798640	75	73	571	79105.35386752	3654400	506274264.752128	1496240675	Wed, 31 May 2017 14:24:35 UTC	0x464fb8b9edc3fe1418179fea9bc99d05c1ae20ac73c6f7b749f3fbcedc953346	49957	4e-8	0.00199828
0x5fac17d0c9f3e58ba0c57337ba25ea762e10c631	3798640	76	74	15	79120.35386752	96000	506370264.752128	1496240675	Wed, 31 May 2017 14:24:35 UTC	0x4af7a0fe83d0fbd76138169ac0dbfb30ad34ce5b0fb499027767a357ed0563dd	49957	4e-8	0.00199828
0x3de899827e1b9413d6889727a4662074ffab3a73	3798640	77	75	10	79130.35386752	64000	506434264.752128	1496240675	Wed, 31 May 2017 14:24:35 UTC	0x4c83d4bfa187c5f5aa27a111e5076f13de68c35d4f3b9de8bdbf529d5b73db77	49957	4e-8	0.00199828
0xc816a8b74387c90e45153c6812214fd382c05855	3798640	78	76	10.9	79141.25386752	69760	506504024.752128	1496240675	Wed, 31 May 2017 14:24:35 UTC	0x4d1140becd64f3124bdbd748750ceed5b6709bca1f0a52d49fece2a415b92943	49957	4e-8	0.00199828
0x1ac63b0de4b727e3f36b63d162b3811c947a0081	3798640	79	77	110	79251.25386752	704000	507208024.752128	1496240675	Wed, 31 May 2017 14:24:35 UTC	0x4fd86a5a8e2b6748f8416541c0bea378dd7c886802e2d5cf52b23598d133b43a	49957	4e-8	0.00199828
0x357296ea0d258d683c132346508d2764ef242a9d	3798640	80	78	10	79261.25386752	64000	507272024.752128	1496240675	Wed, 31 May 2017 14:24:35 UTC	0x5220b172c4c18d6105a381ee679282a0b1a9b6107917d2a1ece376f1447a4946	49957	4e-8	0.00199828
0xb3f2ec66ea9df339e7c9a82b6cdcf3e0943b907c	3798640	81	79	3	79264.25386752	19200	507291224.752128	1496240675	Wed, 31 May 2017 14:24:35 UTC	0x55cdaa154f5f5842d85432d7baa54b033f8e02a1274ca8a6bfe6158e34412459	49957	4e-8	0.00199828
0xaf821e8a945f628aa4ae58e728138e0b56cd0540	3798640	82	80	2	79266.25386752	12800	507304024.752128	1496240675	Wed, 31 May 2017 14:24:35 UTC	0x55f83d516cd830ae81ce3baa029a1d97e9d6ee25d609a6f70660b65280ab38aa	49957	4e-8	0.00199828
0x02710ead8d5e4c2eb898d2a37226a4bfd348dd6d	3798641	0	81	570	79836.25386752	3648000	510952024.752128	1496240690	Wed, 31 May 2017 14:24:50 UTC	0x1baf6f61b19b27f2900942f30157dd1f4487d70c1d1236edfe7dc4f9f1a4ba9f	49957	0.00058	28.97506
0xae90ebf4a99809732cea1367bda4c01949f0945a	3798641	1	82	9300	89136.25386752	59520000	570472024.752128	1496240690	Wed, 31 May 2017 14:24:50 UTC	0x96f3e4852ed4488d0901b356424d2c13a53d042ed4f327c2ee88f07e972d63b1	49957	0.000061688	3.081747416
0x6a83dce6147fa16273678c712421e0b09d89bbff	3798641	2	83	200	89336.25386752	1280000	571752024.752128	1496240690	Wed, 31 May 2017 14:24:50 UTC	0x34d127f2b88d5e41778ba0c054f25c7d8d98d055230c890543b860934c2fb945	49957	0.00001	0.49957
0x7713fef2af00e9cc657f1ebe66bf1b560fae2981	3798641	4	84	2570	91906.25386752	16448000	588200024.752128	1496240690	Wed, 31 May 2017 14:24:50 UTC	0xd222adf62af393eea869832fc08b622c569a36193039bd255a04e3a7fa657e24	49957	0.00001	0.49957
0x483771169d36c6667cffe7af7fed41a3fa63c9d3	3798641	5	85	200	92106.25386752	1280000	589480024.752128	1496240690	Wed, 31 May 2017 14:24:50 UTC	0x51969e7644242e770bbb6afe2508becf55bdf0c326741a45ae7e82fa5b58da54	49957	0.000006	0.299742
0x007e06f54f4b3c04bf2c1fbd061c83c19ce10e9e	3798641	6	86	100	92206.25386752	640000	590120024.752128	1496240690	Wed, 31 May 2017 14:24:50 UTC	0xaf861aeb0feaaf18b43208b24838320959d9221fd08c705fe368bfe083751cda	49957	0.000004003312316606	0.199993473400685942
0x00b904e6f9ee653365b004897a594c1e9440df4e	3798641	7	87	102	92308.25386752	652800	590772824.752128	1496240690	Wed, 31 May 2017 14:24:50 UTC	0x60a12ce8aa7a98d72ccfbbfc4cee453619435f8ff094c37160b4c131394a8ace	49957	0.000003002649608186	0.150003366476148002
0xc736e9b69f8cce29268df2196abc1e4814ded36b	3798641	8	88	998	93306.25386752	6387200	597160024.752128	1496240690	Wed, 31 May 2017 14:24:50 UTC	0x7bac10921e42b4c6411abca81bd2a84745ea6ae35e9dd2605a6ca0c9736daad9	49957	0.000003	0.149871
0x095f327fe759bb73978163f7b4d625691a87a65a	3798641	9	89	487	93793.25386752	3116800	600276824.752128	1496240690	Wed, 31 May 2017 14:24:50 UTC	0x2bf4f44df73b38e992444a3b8a2b27296355a80a29e015e373bb2b01cbf71cf4	49957	0.0000025	0.1248925
0x003ea3556bb0720913548a1e14e5e583269f4027	3798641	10	90	119.6913	93912.94516752	766024.32	601042849.072128	1496240690	Wed, 31 May 2017 14:24:50 UTC	0x2179dfd8145fe3460ac25a710295caeb503d412c6876b8500646f695b946fcac	49957	0.00000238	0.11889766
0x3baceca8f7a9fc392e720932571e2eadeeed8e8a	3798641	11	91	3001	96913.94516752	19206400	620249249.072128	1496240690	Wed, 31 May 2017 14:24:50 UTC	0xd6dde863e29fb345c4c03bf7d607504dafbaa7ab922a04f2051c07c0f70eead9	49957	0.0000021	0.1049097
0x00a539248b104621fa75d171c33692425975dc32	3798641	12	92	218	97131.94516752	1395200	621644449.072128	1496240690	Wed, 31 May 2017 14:24:50 UTC	0x2773eba1537b5c2c9f8de4b21e40576df4b916feddb3d2ef69ab60345610048f	49957	0.000001	0.049957
0x006bf912c906a2b1862ecbcd18f5efd1f09503e9	3798641	13	93	750	97881.94516752	4800000	626444449.072128	1496240690	Wed, 31 May 2017 14:24:50 UTC	0xde4f1a280a695c032de279418b299dced2d10ed226bd84edcf1000f270c947f8	49957	0.000001	0.049957
0x7bd4fb369068f29a15c159b27fa66f3e628eefd4	3798641	14	94	113	97994.94516752	723200	627167649.072128	1496240690	Wed, 31 May 2017 14:24:50 UTC	0x6d6cd85d0e233d8d45a7a94bc8b04f87677bd0438967d5934eacc1045d25faab	49957	8.22649608186e-7	0.041097106476148002
0x00d5d7ee964b0ea74fd03775ce05379b09a381c5	3798641	15	95	99	98093.94516752	633600	627801249.072128	1496240690	Wed, 31 May 2017 14:24:50 UTC	0x5e46252f3e6cc6ecdd7a3118ca0bf69bb6a8a5b528cb3401f28c2a0ff6488b06	49957	8e-7	0.0399656
0x4366c21e10ce4f077ea4c13ba360880038778357	3798641	16	96	202.1	98296.04516752	1293440	629094689.072128	1496240690	Wed, 31 May 2017 14:24:50 UTC	0xe5d2e104a950dfb29a10884e1c1d0397f157cf056fa5e761703d80381515ac18	49957	6.2e-7	0.03097334
0x9a7b483489ecc9c2902bcf02d3d77cdc7618867e	3798641	17	97	442	98738.04516752	2828800	631923489.072128	1496240690	Wed, 31 May 2017 14:24:50 UTC	0xe52788f32e5aa6f2eda89bbc72a6db90edca56d36a88e73f0503a288aa21670b	49957	5.1e-7	0.02547807
0x001c2a8567f6dded153f22b6c980a0bdb84836b7	3798641	18	98	200	98938.04516752	1280000	633203489.072128	1496240690	Wed, 31 May 2017 14:24:50 UTC	0x8085c8c8455038e1fea4f7e8d28a2b6d3fd787ca4169d13bc1370295b065bddf	49957	4.047874757e-7	0.0202219679235449
0xdd3c7f9d5c920d4e98842405ea028c6c0cc80e28	3798641	19	99	100	99038.04516752	640000	633843489.072128	1496240690	Wed, 31 May 2017 14:24:50 UTC	0xb7450a1c1a7e739eb3a9c9f805d8c26dd97fec12299c152c2f6348acf6915836	49957	4e-7	0.0199828
0x003acfd7122cc26ca3d0d010eccdf8d5a22c8f82	3798641	20	100	40	99078.04516752	256000	634099489.072128	1496240690	Wed, 31 May 2017 14:24:50 UTC	0xd5af7a2739705a17dd03a295a61acdb995b660ebb88ea1083751eb9fad318464	49957	3.9535000007e-7	0.01975049995349699
0x004f09a674b3209d8ee6f4887edff809a4116cab	3798641	21	101	173.34	99251.38516752	1109376	635208865.072128	1496240690	Wed, 31 May 2017 14:24:50 UTC	0x530a0297f312f139a2c13460af7615e245b47129a9d0a6fedbd9aad71e5c9d85	49957	3.03312316606e-7	0.015152573400685942
0x229894b7984163b5932b8b9365de34a4f5bea402	3798641	22	102	88	99339.38516752	563200	635772065.072128	1496240690	Wed, 31 May 2017 14:24:50 UTC	0xb6cac7f28df08e1c9847434fd9e0296841dcfa010e8869a6c290efb5ff5c807e	49957	3e-7	0.0149871
0xc546a5f3fcb79e0bd6d70049d634f862be46ff8e	3798641	24	103	9.724323098	99349.109490618	62235.6678272	635834300.7399552	1496240690	Wed, 31 May 2017 14:24:50 UTC	0x361a56d913b5c105c84b049c0c600d8baefcef335da64931718b6c3dde907860	49957	2.89e-7	0.014437573
0x0c10a39b789eab720d7b53c2a1c8ddb4be32fc95	3798641	25	104	140	99489.109490618	896000	636730300.7399552	1496240690	Wed, 31 May 2017 14:24:50 UTC	0x37fe7e3bd23e16ae3f66a516e5f9189f31b4921cbe85d5cc8bccc988b4820661	49957	2.89e-7	0.014437573
0xe7f18c7bb67cfe5f7e52c45e0cafb845731cd309	3798641	26	105	966	100455.109490618	6182400	642912700.7399552	1496240690	Wed, 31 May 2017 14:24:50 UTC	0x86a41b89e5eb4607fee8cfe053b372611fec8dd59a53e91e47af007a539070e8	49957	2.53e-7	0.012639121
0x72f334b055ce84102505a6042899804f444f8d95	3798641	27	106	46.5	100501.609490618	297600	643210300.7399552	1496240690	Wed, 31 May 2017 14:24:50 UTC	0x98d90192a919125f490c456c4febdcfabe70b318046151159ba8c0a56eca9957	49957	2.53e-7	0.012639121
0x00de61ac7d7f13946be951eca9a7ceae29663fe0	3798641	28	107	1562.5	102064.109490618	10000000	653210300.7399552	1496240690	Wed, 31 May 2017 14:24:50 UTC	0x11c931b99273a9711ce2dfe13d3b0762d49c3daa3a069dc5a532c0ef45f3519e	49957	2.500000001e-7	0.0124892500049957
0x45e2d26140afa6441852393be40aae05f6c27834	3798641	29	108	499.936974741351274	102564.046465359351274	3199596.6383446481536	656409897.3782998481536	1496240690	Wed, 31 May 2017 14:24:50 UTC	0x5e741493e8f48ca8d76bf74746e6f99110c2413a991dc39b063228e8f4927fb9	49957	2.5e-7	0.01248925
0x009ab2f9f0b89cb5903b4302edd610568c09fc77	3798641	30	109	44.9375	102608.983965359351274	287600	656697497.3782998481536	1496240690	Wed, 31 May 2017 14:24:50 UTC	0xe467d1223a3afb84ee75115a891ea3f2eb00b4269d9e16cb509c5c6116eda394	49957	2.5e-7	0.01248925
0x3ce8a5f25554d7c733169f3b682eb3458b67472f	3798641	31	110	125	102733.983965359351274	800000	657497497.3782998481536	1496240690	Wed, 31 May 2017 14:24:50 UTC	0x985593235041064956f33afeced228d96161417111d6a1b2270f3614216c40b4	49957	2.46e-7	0.012289422
0x0099297205ec775898bb86af85eeda5e4c956074	3798641	32	111	82	102815.983965359351274	524800	658022297.3782998481536	1496240690	Wed, 31 May 2017 14:24:50 UTC	0x0feee1243632b4dcb7bdff608054a620f0fb4117e97fb9d26d7618ddf429d97b	49957	2.21016870875e-7	0.011041339818302375
0x00791803ce12bca730f8e3f29f0c6aee29f0c19d	3798641	33	112	2500	105315.983965359351274	16000000	674022297.3782998481536	1496240690	Wed, 31 May 2017 14:24:50 UTC	0x3518582bcb314dc5fd7a711ce2aabacc83f698eb822d4b3e0a7f68aa4f8cee4b	49957	2.01e-7	0.010041357
0x98ab52e249646ca2b013af8f2e411bb90c1c9b4d	3798641	34	113	1150	106465.983965359351274	7360000	681382297.3782998481536	1496240690	Wed, 31 May 2017 14:24:50 UTC	0x19e05eddb4a83ed1f9f2c1fccaab0205f984b5db0b349864973d6707c017a0cb	49957	2.00485460316e-7	0.010015652141006412
0xe38cab6f620e598a081fdd7fcb08ad57a049cbe1	3798641	35	114	1170	107635.983965359351274	7488000	688870297.3782998481536	1496240690	Wed, 31 May 2017 14:24:50 UTC	0xfc1a3500ebef6c5e38cc48d994f833af4aff54051c2b704a512a02a19958d8da	49957	1.81e-7	0.009042217
0x537bf75de19f3d229e3a9018ee1a23c0c9c7d39c	3798641	36	115	609.097	108245.080965359351274	3898220.8	692768518.1782998481536	1496240690	Wed, 31 May 2017 14:24:50 UTC	0x5097e82abcf825cc05ca0f9add838e82fdf257bae521c066cdb7866798e5d6b2	49957	1.8e-7	0.00899226
0xcf1e7d7b8b56e594e0294c5aef7a81b957350e34	3798641	37	116	300	108545.080965359351274	1920000	694688518.1782998481536	1496240690	Wed, 31 May 2017 14:24:50 UTC	0x69c8aaf87374956ff9a91887981f778a7b0fb9793e1ecfa2c55bcfd5becbacdd	49957	1.73312316606e-7	0.008658163400685942
0x245f27796a44d7e3d30654ed62850ff09ee85656	3798641	38	117	6101.4	114646.480965359351274	39048960	733737478.1782998481536	1496240690	Wed, 31 May 2017 14:24:50 UTC	0x35a6600d7c0e769c2311260512c686b28199e88a3f49ccb0c084e4e179653fed	49957	1.5002463322e-7	0.00749478060177154
0xea3a9ed81f0dedd5d12a797bc5854e652578aa84	3798641	39	118	5940	120586.480965359351274	38016000	771753478.1782998481536	1496240690	Wed, 31 May 2017 14:24:50 UTC	0x482db240cfe382ace845f7cc02d56105983d2f4632e60308aa04021ad2a55404	49957	1.5000000001e-7	0.00749355000049957
0x00ba3dff8f7dbbf1d0888f9c117c04891619c073	3798641	40	119	10.313751324998	120596.794716684349274	66008.0084799872	771819486.1867798353536	1496240690	Wed, 31 May 2017 14:24:50 UTC	0x93ec0a4e0033e87ad41729748cd896e7ae49719562b453de2765b770db6d334b	49957	1.5000000001e-7	0.00749355000049957
0x0038f3843c67080c93489a5a77f0598f100bc210	3798641	41	120	57.088	120653.882716684349274	365363.2	772184849.3867798353536	1496240690	Wed, 31 May 2017 14:24:50 UTC	0xa36a98b5df27c33b2ae8333d7bca1adde42bff0f4eac88542c75e930fbbcf4f7	49957	1.5000000001e-7	0.00749355000049957
0x00f81756700dca9b2fe8d4269a761206ff26ca95	3798641	43	121	100	120753.882716684349274	640000	772824849.3867798353536	1496240690	Wed, 31 May 2017 14:24:50 UTC	0x24d1c22bb2ac6dfb3bc3d99c0e38e347337ba610b6c9ffadb9438b156e77ec4e	49957	1.5e-7	0.00749355
0x1241366a018f7d52e9dc15fa348c169c8cbf52c4	3798641	44	122	300	121053.882716684349274	1920000	774744849.3867798353536	1496240690	Wed, 31 May 2017 14:24:50 UTC	0x3fb6194d98f3c28f06590f5abd497248e5fc06bd5edfdcdb90871d2d079da38e	49957	1.5e-7	0.00749355
0xaaff036e3b7b0f30aa608c5351f89c0b42e8dada	3798641	45	123	700	121753.882716684349274	4480000	779224849.3867798353536	1496240690	Wed, 31 May 2017 14:24:50 UTC	0x5caf4c86f8c7e844b5023929ccfa768bbe270433623f98f062a3abca2286e28d	49957	1.5e-7	0.00749355
0x007cdeaa782d563a8785aad9700b2a961002e0dd	3798641	46	124	156.25	121910.132716684349274	1000000	780224849.3867798353536	1496240690	Wed, 31 May 2017 14:24:50 UTC	0xecbf0d7043765c3c88ad0874265bc97710529d8deb9628355f677e7c8a185a45	49957	1.5e-7	0.00749355
0x005ce9461fabe1111ea6da1967620824ea374211	3798641	47	125	199	122109.132716684349274	1273600	781498449.3867798353536	1496240690	Wed, 31 May 2017 14:24:50 UTC	0x1a03ae3633b7cafd74781ae32be6c0d6e43cdfbf92523d11632fa40690e3c2d1	49957	1.32854000004e-7	0.006636987278199828
0xd3a33636677fff0be34ec503b9e848b296e0972a	3798641	48	126	67	122176.132716684349274	428800	781927249.3867798353536	1496240690	Wed, 31 May 2017 14:24:50 UTC	0x8c34f7f0794028dcca3f0d1d54b5063e3effa5d3ecc3da45e87acbcd5eac5243	49957	1.29e-7	0.006444453
0x8787de19a2e110879f2948249a24880f4325f808	3798641	49	127	101.4	122277.532716684349274	648960	782576209.3867798353536	1496240690	Wed, 31 May 2017 14:24:50 UTC	0x1fa96a7154277839aaa28a5b8554cf0d6b055f0054f07b38ab80fad48ad58617	49957	1.01e-7	0.005045657
0x466835cd921ed08d578847bf750b63642e7b88a9	3798641	50	128	22	122299.532716684349274	140800	782717009.3867798353536	1496240690	Wed, 31 May 2017 14:24:50 UTC	0xd7d91ace21ed449104c71110eee22208a8f2799b297de88334bf64c0eab5cd87	49957	1.00312316606e-7	0.005011302400685942
0xe6e0239050264a1d7a7c0912831c921ffa5fbaed	3798641	51	129	73	122372.532716684349274	467200	783184209.3867798353536	1496240690	Wed, 31 May 2017 14:24:50 UTC	0x507d62c63bcd46c3c15491511d92b2b96ab73630b01947a5093fe3f78a517f42	49957	1e-7	0.0049957
0x48163304f086ee98d59929af9854855e582a2e97	3798641	53	130	200	122572.532716684349274	1280000	784464209.3867798353536	1496240690	Wed, 31 May 2017 14:24:50 UTC	0x86f65c97a3c193faa69df656a8668e3c801bbc363b5c9e0f9ad8f35f5bd01ecc	49957	1e-7	0.0049957
0x0001d1cd4aab89b18df05f3061af743df4a919a8	3798641	55	131	339.9	122912.432716684349274	2175360	786639569.3867798353536	1496240690	Wed, 31 May 2017 14:24:50 UTC	0xc94149c9c38dc5e5c88de3e4e8fff0e2255c0d68f822dd1e94726628a6cd4571	49957	1e-7	0.0049957
0x683bea09c84c85819aca0e2f240d21b4c7e20224	3798641	56	132	149.9	123062.332716684349274	959360	787598929.3867798353536	1496240690	Wed, 31 May 2017 14:24:50 UTC	0xddb26bd030b1445836d6cb7dc387c2683e9d6de2a66e7aac30acc0d19e891eb7	49957	1e-7	0.0049957
0xf6edf5dcdfba55f3cecee2a430bb6c2d30a4a1a8	3798641	57	133	16	123078.332716684349274	102400	787701329.3867798353536	1496240690	Wed, 31 May 2017 14:24:50 UTC	0x4b5a5c43366611f4bc4e5ccb78d31cf2ef05ba88a316f8136f3e5c363c962590	49957	9.999900001e-8	0.00499565004349957
0x007c8995b0205fef68d4b5c82685f4261fb922e8	3798641	58	134	1135	124213.332716684349274	7264000	794965329.3867798353536	1496240690	Wed, 31 May 2017 14:24:50 UTC	0x51d73fe54d7bd0b2fd6566694e7691c0c2816287fc56852773a105aaf0440991	49957	9.950675501e-8	0.00497105896003457
0xcb7ba62980f00a951e0d1b601c633d03ed2a4902	3798641	59	135	255	124468.332716684349274	1632000	796597329.3867798353536	1496240690	Wed, 31 May 2017 14:24:50 UTC	0xe4efc8f97848b13d8dc00579a8bdfeece98e1a61565d84db73d6849d6c1f1104	49957	9.950675501e-8	0.00497105896003457
0x00a5e4be815ac062c96010703777c59ea847b8ca	3798641	60	136	500.99198599999853	124969.324702684347804	3206348.710399990592	799803678.0971798259456	1496240690	Wed, 31 May 2017 14:24:50 UTC	0x901a9e2927302a79d1d0dc60aace2dacc16f7fcc7bb5b773976651e9d4a030fa	49957	9.600000002e-8	0.00479587200099914
0xf23b127ff5a6a8b60cc4cbf937e5683315894dda	3798641	61	137	450	125419.324702684347804	2880000	802683678.0971798259456	1496240690	Wed, 31 May 2017 14:24:50 UTC	0xf9f1c5b3766417da57405134d133e55c7e07ab8acc7f5de7e9bddf182f90bfa9	49957	9.1e-8	0.004546087
0xc8e99360d5b672d66610b0db0807611fe954ccf9	3798641	62	138	20	125439.324702684347804	128000	802811678.0971798259456	1496240690	Wed, 31 May 2017 14:24:50 UTC	0xf9a3f7b2bacfe02833ce2f2b1b0e2d12726b140a3add2f87b915354330c812c3	49957	8.8888888888e-8	0.004440622222177816
0x006fe5a7d201a16ff103797d1b706c5acda8a391	3798641	63	139	881	126320.324702684347804	5638400	808450078.0971798259456	1496240690	Wed, 31 May 2017 14:24:50 UTC	0x5b110e9949b09c8c5eccb0d65dbf66a60777c1049b5cd426e0c46ef95e8e27a1	49957	8.200000001e-8	0.00409647400049957
0x004c5d8e612fde4538555d875fb25b5c812fa727	3798641	64	140	5	126325.324702684347804	32000	808482078.0971798259456	1496240690	Wed, 31 May 2017 14:24:50 UTC	0x916f161f739c11d2253e45b54c8e38e518aec1be63954895853f2266e8c825c7	49957	8.000000001e-8	0.00399656000049957
0x00b76dc9c8607fe2312f09b747f7b2671ac1be7d	3798641	65	141	8.51187699999979	126333.836579684347594	54476.012799998656	808536554.1099798246016	1496240690	Wed, 31 May 2017 14:24:50 UTC	0x8c4ed5250d8f2f285c88db9f3a323b76a11a894f76cb0eca978ca90438bd3517	49957	8.0000000001e-8	0.003996560000049957
0x00ee96f6230336a4179ac961cda300db828f81cd	3798641	66	142	99	126432.836579684347594	633600	809170154.1099798246016	1496240690	Wed, 31 May 2017 14:24:50 UTC	0x72bd0e094669ccf949bb8c65d14543725cf430082e6731678d40d56c1bfe737d	49957	8e-8	0.00399656
0x00954e1c8fcf1c5c274aa10b1260a94564f47b58	3798641	67	143	70	126502.836579684347594	448000	809618154.1099798246016	1496240690	Wed, 31 May 2017 14:24:50 UTC	0x1a3de56c8a2bc7a7057e5a0a56f058e67ec9ab006571a8687c48eac1afe96c7b	49957	6.000000001e-8	0.00299742000049957
0x1dba1131000664b884a1ba238464159892252d3a	3798641	68	144	10	126512.836579684347594	64000	809682154.1099798246016	1496240690	Wed, 31 May 2017 14:24:50 UTC	0xdeb5a882c1bf7c79a5632c43ffbd2a0549460303f82a7154b74603e59c31841f	49957	5.47487879e-8	0.0027350851971203
0x00ec27215976f3de6c09f21382b775ce41cbee78	3798641	69	145	217	126729.836579684347594	1388800	811070954.1099798246016	1496240690	Wed, 31 May 2017 14:24:50 UTC	0x2b538810e13a7ec21af756b30d7056d033c9cb6457901be66e0acc6e22f9ccdc	49957	5.4e-8	0.002697678
0x4202955b1bab607a5e348a2b3eaa0fb54e2138c4	3798641	70	146	1890	128619.836579684347594	12096000	823166954.1099798246016	1496240690	Wed, 31 May 2017 14:24:50 UTC	0x551ca23dd615bf64b9f45d0baaef5cb4f85d0b44509841960fd32742f09d7e5e	49957	5.4e-8	0.002697678
0x75d27075d8d9aa87e54f05a07a52c5a117436cc7	3798641	71	147	100	128719.836579684347594	640000	823806954.1099798246016	1496240690	Wed, 31 May 2017 14:24:50 UTC	0x563854a38cedf07839239c46d79373c3334430f9831c3c37204ac92af96e6e4b	49957	5.3312316606e-8	0.002663323400685942
0x004b5b0732a5158fcfad1bb31eea52cc475f7cc0	3798641	72	148	4.6	128724.436579684347594	29440	823836394.1099798246016	1496240690	Wed, 31 May 2017 14:24:50 UTC	0xcbf2f0404700cbcb13b2e1b1e009477cd9de0937335f97014d326ec56e081b91	49957	5.2351976848e-8	0.002615347707395536
0xcf1ff05a6e5c3e328ddfeb4c867dd56f26cf47d9	3798641	73	149	77	128801.436579684347594	492800	824329194.1099798246016	1496240690	Wed, 31 May 2017 14:24:50 UTC	0xff3687c83f555a329e9f31fbd57b2476272a1339542a3042892fc82e721db9c3	49957	5.1795000019e-8	0.002587522815949183
0x008ce68fc34ecb8b20a02f159a9c00918b8b934e	3798641	74	150	1280	130081.436579684347594	8192000	832521194.1099798246016	1496240690	Wed, 31 May 2017 14:24:50 UTC	0x8e62798f09370430792f224e00da619e5b0a0c7a569874868ff7c2643a62620e	49957	4.975675501e-8	0.00248569821003457
0x5fee5a0f8ba8954215dc5575178ad0d46be91c39	3798641	76	151	200	130281.436579684347594	1280000	833801194.1099798246016	1496240690	Wed, 31 May 2017 14:24:50 UTC	0xf8d2630fa220fef1f0cdbe3a9620d4e8f9809c21402ad803fccf16ace21169ab	49957	4.2e-8	0.002098194
0xfd1cbcef65be25eb835e73808228ef6f8925d089	3798642	1	152	4000	134281.436579684347594	25600000	859401194.1099798246016	1496240699	Wed, 31 May 2017 14:24:59 UTC	0x47b8a5f44242369272c6401a41f2c56dc189ef19de4090049516f02a15ff17a3	49957	0.000036	1.798452
0x0034e4d808bef1df331189a187369a272e7dbe62	3798642	2	153	123.9103722399996	134405.346951924347194	793026.38233599744	860194220.4923158220416	1496240699	Wed, 31 May 2017 14:24:59 UTC	0x5a3ee48c8e226e367f02217f84dd8c49febcd1a7d124959e9c60e610ffc6c589	49957	0.000021000000000001	1.049097000000049957
0x00e17e4203367942e86d7bbcaa215e8a9ecc7e81	3798642	3	154	3655	138060.346951924347194	23392000	883586220.4923158220416	1496240699	Wed, 31 May 2017 14:24:59 UTC	0x5d8010df5dc9f9a11ece675a59f26f6555e680891d606b9c781e38039262130c	49957	0.000017	0.849269
0x001934d46ef025ec18f292f4c5f42ec85f2deb26	3798642	4	155	200	138260.346951924347194	1280000	884866220.4923158220416	1496240699	Wed, 31 May 2017 14:24:59 UTC	0x3a1e2690b8674984ba6001ce197daf6cdf58b0d927ed015f479e644fdb68f272	34957	0.000012	0.419484
0x0296a2259eea4e3bcce3e222420d5d9a4bc3a3ad	3798642	5	156	1525	139785.346951924347194	9760000	894626220.4923158220416	1496240699	Wed, 31 May 2017 14:24:59 UTC	0x310c95a4663c7a268a114d5977996d39f5fc91ac5be11e24421c0dc77e2edafa	49957	0.00001055	0.52704635
0x00fa6a5cb14eb1e33f874d2566481dd02bdb21a1	3798642	6	157	5000	144785.346951924347194	32000000	926626220.4923158220416	1496240699	Wed, 31 May 2017 14:24:59 UTC	0xad1bf71bead90350b1d527a08423df75d2a3dacea4a84ce333d170854759a8c8	49957	0.00001	0.49957
0x002684544b01da99dd286067d83e5b02c8d54da1	3798642	8	158	514	145299.346951924347194	3289600	929915820.4923158220416	1496240699	Wed, 31 May 2017 14:24:59 UTC	0x6bfcec7bdcb0d88cc4cc8c707b90ef176ad6c8dc7d8b83f0b8f098e74b322132	49957	0.000009000000001	0.449613000049957
0x06ec519e7dea62fc593bee8c0e61a5993602210e	3798642	10	159	50	145349.346951924347194	320000	930235820.4923158220416	1496240699	Wed, 31 May 2017 14:24:59 UTC	0x23a62430f8b8dbde1444950e3427b54d35e896e0a28365ff598d202773f67e0c	49957	0.000002555	0.127640135
0x00aa7950538380dc8102676dd9629f8c90f11adf	3798642	11	160	371	145720.346951924347194	2374400	932610220.4923158220416	1496240699	Wed, 31 May 2017 14:24:59 UTC	0xfd5b761767223b3d15a1ed883124342bf3de38e4efad520abe4e847f798262bc	49957	0.00000253312316606	0.12654723400685942
0xbb1ac157b43765635fb51b05e6e8331969e1d7b2	3798642	12	161	2050	147770.346951924347194	13120000	945730220.4923158220416	1496240699	Wed, 31 May 2017 14:24:59 UTC	0x457c60a973babdefce32d41c35b08e8b643c906a5494b85f509dfcccefdfd5fa	49957	0.0000025	0.1248925
0x9418a4b8aba7a7a12d0859d0a54e8a8f16a6e4da	3798642	13	162	1850	149620.346951924347194	11840000	957570220.4923158220416	1496240699	Wed, 31 May 2017 14:24:59 UTC	0x1db992b3bfb4c294cb4909f17ce814b1164727f8cbad04563c2cae4d9fca994e	49957	0.0000024	0.1198968
0x429f8faf9457432037c10ad1c0647846d8cd3e66	3798642	14	163	1738	151358.346951924347194	11123200	968693420.4923158220416	1496240699	Wed, 31 May 2017 14:24:59 UTC	0xc2920886ed6829829550ebbe6a906c29a87024bb2a3d9d0a0716760ed5d81cf0	49957	0.0000024	0.1198968
0xb14d330e3c5b920990c9acc6fa9f65cb414c6144	3798642	15	164	3097	154455.346951924347194	19820800	988514220.4923158220416	1496240699	Wed, 31 May 2017 14:24:59 UTC	0x5e9e95efcb1c12209e09610984fc77893d46d8da8f1a08b5104ecd5ef4f6e5db	49957	0.0000023412316606	0.1169609100685942
0x337e2f6d1626b95327e88caa97804eef0908d588	3798642	16	165	140	154595.346951924347194	896000	989410220.4923158220416	1496240699	Wed, 31 May 2017 14:24:59 UTC	0x8c7ec3cc1e3472ec8d9399388f8b38bad6e4b434aa541dc6a97c5978b6ae0bd3	49957	0.00000201	0.10041357
0x6f7dffda481a429f7b6f65ef7359a8117f727cc9	3798642	17	166	322	154917.346951924347194	2060800	991471020.4923158220416	1496240699	Wed, 31 May 2017 14:24:59 UTC	0xf70146379967669e3b04e03dc20b92cd84e4ddccd7c42c23bf75d22003bfc168	49957	0.000002001	0.099963957
0x006a3ef532e66c91393d9ef8b00b17a27712544f	3798642	19	167	101.2879580167300644	155018.6349099410772584	648242.93130707241216	992119263.42362289445376	1496240699	Wed, 31 May 2017 14:24:59 UTC	0xfc7b8fe5ea18594c64143d06ddbe742559dd761a12666823d1fbd6b09847eaf6	49957	0.000002	0.099914
0x024d5d3061120f03dcfa110b5ba07c2204f949b4	3798642	20	168	731.1690773	155749.8039872410772584	4679482.09472	996798745.51834289445376	1496240699	Wed, 31 May 2017 14:24:59 UTC	0x8ab67f3cd3179ff6472068352854c12c3488b35e8076fa9c895d0cf65fee94c9	49957	0.00000125359090746	0.06262564096397922
0x00e074b47c40dab2c8fd7fe77fd6e311365b4e75	3798642	22	169	4.294	155754.0979872410772584	27481.6	996826227.11834289445376	1496240699	Wed, 31 May 2017 14:24:59 UTC	0xad0cd9d3a387210c68512df3426afee67e19ab14eae838fa5e336bb3f08984a5	49957	0.00000121	0.06044797
0x68170b7bc1defe1339b2f609725a0fa662b7ce91	3798642	23	170	22	155776.0979872410772584	140800	996967027.11834289445376	1496240699	Wed, 31 May 2017 14:24:59 UTC	0x0ee067b0641261fa547826e447007510ad7fad45a8301568437693a980db5006	49957	0.000001002351976848	0.050074497707395536
0x00ce50f8333b5176c22ac7948993978b2e011cda	3798642	24	171	162.25	155938.3479872410772584	1038400	998005427.11834289445376	1496240699	Wed, 31 May 2017 14:24:59 UTC	0x672294d1c18397c33b55b4ba230c531a2461f5ed3efc912315414cbcb6a2bdc5	49957	0.000001	0.049957
0x00e841e84344c60d9c96bb8358658afd0ecca6d8	3798642	26	172	5	155943.3479872410772584	32000	998037427.11834289445376	1496240699	Wed, 31 May 2017 14:24:59 UTC	0xc1dc4bcb5c0e843b955797ac690cd777ca85cae05234b45e0639098e3cd29ed8	49957	0.000001	0.049957
0x008c8ba0c5ebaf016e8a4da5862ee45eb6b1df3e	3798642	28	173	147	156090.3479872410772584	940800	998978227.11834289445376	1496240699	Wed, 31 May 2017 14:24:59 UTC	0xa6ef80e9cab64d5a55b1fd7e2d9d19219096e721fab7c5452d06790c0f9d6388	49957	8.621479636e-7	0.0430703258175652
0x002144741ed27b8d83c980abbf474170ddb2e152	3798642	29	174	147	156237.3479872410772584	940800	999919027.11834289445376	1496240699	Wed, 31 May 2017 14:24:59 UTC	0x69a19af3eddc2e5d784a278c191b0d63a388d3717ab2357cb8e791f9bcc49184	49957	8.3312316606e-7	0.04162033400685942
0x008d7ddf299f1345159add8190b1fd391f85738c	3798642	33	175	2	156239.3479872410772584	12800	999931827.11834289445376	1496240699	Wed, 31 May 2017 14:24:59 UTC	0x8c7feaaef1f92b1d4636229506c48996c9b38d6ccadfaf4a4ea82fa49b2b29c5	49957	6.7737287e-7	0.03383951646659
0xcafe774c319346f2d51bd45ec8ef186205a7addd	3798642	40	176	10	156249.3479872410772584	64000	999995827.11834289445376	1496240699	Wed, 31 May 2017 14:24:59 UTC	0x8ce0da3eb0a2db5dc86ec11f4f5da56d8e1562764432f1c1de274d8be2a2bc24	49957	2.40268000006e-7	0.012003068476299742
0x188c4d4c20c42d5768f3e075b298daaf58ff9ee5	3798647	17	177	0.15625	156249.5042372410772584	1000	999996827.11834289445376	1496240729	Wed, 31 May 2017 14:25:29 UTC	0x22bbf2f7915c2049d4fcc6379a80937164bbc9c591f9d1c7b248e02ee46dd2c9	49957	4e-8	0.00199828
0xc201295e58225973872afe45a311d00b598ec40e	3798647	37	178	0.0039	156249.5081372410772584	24.96	999996852.07834289445376	1496240729	Wed, 31 May 2017 14:25:29 UTC	0x544af7144e5f1abe2cee25332ce1dd10bea15e26f22af25102565301b0e778f9	49957	4e-8	0.00199828
0xc676a5b2bdb0a849f9394c23694fd22e89670e0d	3798651	10	179	0.1	156249.6081372410772584	640	999997492.07834289445376	1496240769	Wed, 31 May 2017 14:26:09 UTC	0x896c0100160f5c171c44e2ee72ba61b89f3b4f2078311d5362986ee7b5cc7e9a	49957	2.3e-7	0.01149011
0x654d39756ad5b184067d589377d5265278851676	3798651	22	180	0.2	156249.8081372410772584	1280	999998772.07834289445376	1496240769	Wed, 31 May 2017 14:26:09 UTC	0x318375daa8a58cba8cc810186cf98fc01e106f9bee0d0c5ff3e87815e89793c9	49957	1e-7	0.0049957
0x9f4860c577c5d0928d9b38153db8cb69112e346b	3798651	24	181	0.1	156249.9081372410772584	640	999999412.07834289445376	1496240769	Wed, 31 May 2017 14:26:09 UTC	0x120cf6902961c59530a215be37108833213f6c1cf5757d280fe5641adf455e0f	49957	9.950675501e-8	0.00497105896003457
0xba00038c56aaf2eb236f3c911922bea50d71fcca	3798653	94	182	0.05	156249.9581372410772584	320	999999732.07834289445376	1496240785	Wed, 31 May 2017 14:26:25 UTC	0xe0d394b74218f04f7e7bd6abf6eea131c5d16de63bcde2e53ffd59136f8af2c0	49957	4.484e-8	0.00224007188
0x99e0e3c95608446abd31df37f2926fcf45557d49	3798667	5	183	0.03	156249.9881372410772584	192	999999924.07834289445376	1496240998	Wed, 31 May 2017 14:29:58 UTC	0x20852414f049c2650d5844a0a463f974b846160f3e53feae63abd0a18638b81b	49957	8.9928244632e-8	0.004492545317080824
0x1d08aa174346bd8f4093496b9590de960fd1f92b	3798668	48	184	0.0041	156249.9922372410772584	26.24	999999950.31834289445376	1496241010	Wed, 31 May 2017 14:30:10 UTC	0x08d9cba868a197e17db06f57ba87b4266e18ea76b627201cde301693c26f68c5	49957	4e-8	0.00199828
0xfbfa258b9028c7d4fc52ce28031469214d10daeb	3798720	143	185	0.0077627589227416	156250	49.68165710554624	1000000000	1496241767	Wed, 31 May 2017 14:42:47 UTC	0x62901c72c13cc56efe3180b1bc02b02c108ae0a68a76d594161c9a41d0ebcceb	49957	2.11e-7	0.010540927
